<?xml version="1.0" encoding="UTF-8"?>
    <addon id="repository.origin" name="Origin Repo" version="1.0.5" provider-name="Origin">
        <broken>Support dropped</broken>
        <requires>
            <import addon="xbmc.addon" version="12.0.0"/>
        </requires>
        <extension point="xbmc.addon.metadata">
            <summary>A short summary of this addon</summary>
            <description>Origin Builds Repo</description>
            <platform>all</platform>
    </extension>
</addon>