<?xml version="1.0" encoding="UTF-8" standalone="yes"?>
<addon id="plugin.video.vendetta" name="Vendetta" version="0.0.7" provider-name="Origin">
  <requires>
    <import addon="xbmc.python" version="2.1.0"/>
    <import addon="script.module.requests" />
	<import addon="script.module.urlresolver"  version="3.0.0"/>
	<import addon="script.module.addon.common" />
    <import addon="script.module.liveresolver"  version="0.1.28"/> 
  </requires>
  <extension point="xbmc.python.pluginsource" library="default.py">
		<provides>video</provides>
  </extension>
  <extension point="xbmc.addon.metadata">
	<summary lang="en">Blank</summary>
	<description lang="en">A plugin for playing online lists. Credits to RayW for use of freeview links and Sanctuary lads for sources. Visit http://kodification.co.uk for info or http://kodisanctuary.co.uk to report any errors. </description>
	<disclaimer lang="en">The original author neither hosts or stores any content, the original author has no affiliation with content hosts, it is the sole responsibility of the user to ensure they have permission to view any streams provided</disclaimer>
	<platform>all</platform>
  </extension>
</addon>
