<?xml version="1.0" encoding="UTF-8" standalone="yes"?>
<addon id="plugin.video.originentertainment" name="Origin Entertainment" version="1.0.3562" provider-name="Origin">
  <requires>
    <import addon="xbmc.python" version="2.1.0"/>
	<import addon="script.module.urlresolver"  version="2.1.2"/>
	<import addon="script.module.addon.common" />
	<import addon="script.module.beautifulsoup4" />
	<import addon="script.module.urlresolver"  version="2.1.2"/>
	<import addon="script.module.requests" />
  </requires>
  <extension point="xbmc.python.pluginsource" library="default.py">
		<provides>video</provides>
  </extension>
  <extension point="xbmc.addon.metadata">
	<summary lang="en">Origins Entertainment</summary>
	<description lang="en">An addon by origin for all-round Entertainment</description>
	<disclaimer lang="en">The author neither hosts or stores any content, the author has no affiliation with content hosts</disclaimer>
	<platform>all</platform>
  </extension>
</addon>
