<item>
<title>SKY SPORTS 1</title>
<sportsdevil>http://www.antenasport.com/skysports1.html</sportsdevil>
<referer>http://www.antenasport.com</referer>
<thumbnail>http://www.lyngsat-logo.com/hires/ss/sky_uk_sports1.png</thumbnail>
<fanart>http://i57.tinypic.com/21l07rc.png</fanart>
</item>

<item>
<title>SKY SPORTS 2</title>
<sportsdevil>http://www.antenasport.com/skysports2.html</sportsdevil>
<referer>http://www.antenasport.com</referer>
<thumbnail>http://www.lyngsat-logo.com/hires/ss/sky_uk_sports2.png</thumbnail>
<fanart>http://i57.tinypic.com/21l07rc.png</fanart>
</item>

<item>
<title>SKY SPORTS 3</title>
<sportsdevil>http://www.antenasport.com/skysports3.html</sportsdevil>
<referer>http://www.antenasport.com</referer>
<thumbnail>http://www.lyngsat-logo.com/hires/ss/sky_uk_sports3.png</thumbnail>
<fanart>http://i57.tinypic.com/21l07rc.png</fanart>
</item>

<item>
<title>SKY SPORTS 4</title>
<sportsdevil>http://www.antenasport.com/skysports4.html</sportsdevil>
<referer>http://www.antenasport.com</referer>
<thumbnail>http://www.lyngsat-logo.com/hires/ss/sky_uk_sports4.png</thumbnail>
<fanart>http://i57.tinypic.com/21l07rc.png</fanart>
</item>

<item>
<title>SKY SPORTS 5</title>
<sportsdevil>http://www.antenasport.com/skysports5.html</sportsdevil>
<referer>http://www.antenasport.com</referer>
<thumbnail>http://www.lyngsat-logo.com/hires/ss/sky_uk_sports5.png</thumbnail>
<fanart>http://i57.tinypic.com/21l07rc.png</fanart>
</item>

<item>
<title>SKY SPORTS NEWS</title>
<sportsdevil>http://shadow.go.ro/shadownet/channels/uktv/player/sky-sports-news.php</sportsdevil>
<referer>http://www.sdw-net.co/channels/Sky-Sports-News.html</referer>
<thumbnail>http://www.lyngsat-logo.com/hires/ss/sky_uk_sports_news_hq.png</thumbnail>
<fanart>http://i57.tinypic.com/21l07rc.png</fanart>
</item>

<item>
<title>SKY SPORTS F1</title>
<sportsdevil>http://www.antenasport.com/skysportsf1.html</sportsdevil>
<referer>http://www.antenasport.com</referer>
<thumbnail>http://www.lyngsat-logo.com/hires/ss/sky_uk_sports_f1_hd.png </thumbnail>
<fanart>http://i57.tinypic.com/21l07rc.png</fanart>
</item>

<item>
<title>AT THE RACES</title>
<link>$doregex[getURL]</link>
<regex>
<name>getURL</name>
<expres>source src="(.*?)"</expres>
<page>https://crossorigin.me/http://178.18.30.112:8081/liverepeater/196428/playlist.m3u8?</page>
<referer>http://shadow.go.ro/shadownet/channels/uktv/player/atr.php</referer>
<agent>Mozilla/5.0 (Windows NT 6.3; WOW64) AppleWebKit/537.36 (KHTML, like Gecko) Chrome/46.0.2490.80 Safari/537.36</agent>
<Upgrade-Insecure-Requests>true</Upgrade-Insecure-Requests>
</regex>
<thumbnail>http://www.lyngsat-logo.com/hires/aa/at_the_races_uk.png</thumbnail>
<fanart>http://i57.tinypic.com/21l07rc.png</fanart>
</item>

<item>
<title>RACING UK</title>
<sportsdevil>http://cricfree.tv/watch/live/racing-uk-live-streaming</sportsdevil>
<referer>http://cricfree.tv/</referer>
<thumbnail>http://www.redcarracing.co.uk/resources/cta/racing-uk-cta.jpg</thumbnail>
<fanart>http://i57.tinypic.com/21l07rc.png</fanart>
</item>

<item>
<title>RACING UK </title>
<sportsdevil>http://www.shadow-net.biz/channels/Racing-UK.html</sportsdevil>
<referer>http://www.shadow-net.biz/channels/Racing-UK.html</referer>
<thumbnail>http://www.redcarracing.co.uk/resources/cta/racing-uk-cta.jpg</thumbnail>
<fanart>http://i57.tinypic.com/21l07rc.png</fanart>
</item>

<item>
<title>BT SPORT 1</title>
<sportsdevil>http://www.antenasport.com/btsport1.html</sportsdevil>
<referer>http://www.antenasport.com</referer>
<thumbnail>http://www.lyngsat-logo.com/hires/bb/bt_sport_1.png</thumbnail>
<fanart>http://i57.tinypic.com/21l07rc.png</fanart>
</item>

<item>
<title>BT SPORT 2</title>
<sportsdevil>http://www.antenasport.com/btsport2.html</sportsdevil>
<referer>http://www.antenasport.com</referer>
<thumbnail>http://www.lyngsat-logo.com/hires/bb/bt_sport_2.png</thumbnail>
<fanart>http://i57.tinypic.com/21l07rc.png</fanart>
</item>

<item>
<title>BT SPORT EUROPE</title>
<link>$doregex[getURL]</link>
<regex>
<name>getURL</name>
<expres>source src="(.*?)"</expres>
<page>http://shadow.go.ro/shadownet/channels/uktv/player/bt-sport-eu.php</page>
<referer>http://www.sdw-net.co/</referer>
<agent>Mozilla/5.0 (Windows NT 6.3; WOW64) AppleWebKit/537.36 (KHTML, like Gecko) Chrome/46.0.2490.80 Safari/537.36</agent>
<Upgrade-Insecure-Requests>true</Upgrade-Insecure-Requests>
</regex>
<thumbnail>http://www.lyngsat-logo.com/hires/bb/bt_sport_europe_uk.png</thumbnail>
<fanart>http://i57.tinypic.com/21l07rc.png</fanart>
</item>

<item>
<title>BT SPORT/ESPN</title>
<sportsdevil>http://mamahd.com/watch-espn-uk-live-stream-1.html</sportsdevil>
<referer>http://mamahd.com/</referer>
<thumbnail>http://www.lyngsat-logo.com/hires/bb/bt_sport_uk_espn.png</thumbnail>
<fanart>http://i57.tinypic.com/21l07rc.png</fanart>
</item>

<item>
<title>SETANTA IRELAND</title>
<link>$doregex[getURL]</link>
<regex>
<name>getURL</name>
<expres>source src="(.*?)"</expres>
<page>http://shadow.go.ro/shadownet/channels/uktv/player/setanta.php</page>
<referer>http://www.sdw-net.co/</referer>
<agent>Mozilla/5.0 (Windows NT 6.3; WOW64) AppleWebKit/537.36 (KHTML, like Gecko) Chrome/46.0.2490.80 Safari/537.36</agent>
<Upgrade-Insecure-Requests>true</Upgrade-Insecure-Requests>
</regex>
<thumbnail>http://www.lyngsat-logo.com/hires/ss/setanta_sports_ie.png</thumbnail>
<fanart>http://i57.tinypic.com/21l07rc.png</fanart>
</item>

<item>
<title>BOXNATION</title>
<sportsdevil>http://mamahd.com/watch-box-nation-live-stream-free-1.html</sportsdevil>
<referer>http://mamahd.com/</referer>
<thumbnail>http://i60.tinypic.com/2a8f14g.png</thumbnail>
<fanart>http://i57.tinypic.com/21l07rc.png</fanart>
</item>

<item>
<title>SKY SPORTS 1</title>
<sportsdevil>http://hdfree.tv/watch-sky-sports-1-live-stream.html</sportsdevil>
<referer>http://hdfree.tv</referer>
<thumbnail>http://i60.tinypic.com/2a8f14g.png</thumbnail>
<fanart>http://i57.tinypic.com/21l07rc.png</fanart>
</item>

<item>
<title>SKY SPORTS 2</title>
<sportsdevil>http://live.sports4u.tv/channel/sky-sports-2/</sportsdevil>
<referer>http://sports4u.tv/</referer>
<thumbnail>http://i60.tinypic.com/2a8f14g.png</thumbnail>
<fanart>http://i57.tinypic.com/21l07rc.png</fanart>
</item>

<item>
<title>SKY SPORTS 3</title>
<sportsdevil>http://hdfree.tv/watch-sky-sports-3-live-stream.html</sportsdevil>
<referer>http://hdfree.tv</referer>
<thumbnail>http://i60.tinypic.com/2a8f14g.png</thumbnail>
<fanart>http://i57.tinypic.com/21l07rc.png</fanart>
</item>

<item>
<title>SKY SPORTS 4</title>
<sportsdevil>http://hdfree.tv/watch-sky-sports-4-live-stream.html</sportsdevil>
<referer>http://hdfree.tv</referer>
<thumbnail>http://i60.tinypic.com/2a8f14g.png</thumbnail>
<fanart>http://i57.tinypic.com/21l07rc.png</fanart>
</item>

<item>
<title>SKY SPORTS 5</title>
<sportsdevil>http://hdfree.tv/watch-sky-sports-5-live-stream.html</sportsdevil>
<referer>http://hdfree.tv</referer>
<thumbnail>http://i60.tinypic.com/2a8f14g.png</thumbnail>
<fanart>http://i57.tinypic.com/21l07rc.png</fanart>
</item>

<item>
<title>SKY SPORTS NEWS</title>
<sportsdevil>http://www.shadow-net.biz/channels/Sky-Sports-News.html</sportsdevil>
<referer>http://www.shadow-net.biz</referer>
<thumbnail>http://i60.tinypic.com/2a8f14g.png</thumbnail>
<fanart>http://i57.tinypic.com/21l07rc.png</fanart>
</item>

<item>
<title>SKY SPORTS F1</title>
<sportsdevil>http://hdfree.tv/watch-sky-sports-f1-live-stream.html</sportsdevil>
<referer>http://hdfree.tv</referer>
<thumbnail>http://i60.tinypic.com/2a8f14g.png</thumbnail>
<fanart>http://i57.tinypic.com/21l07rc.png</fanart>
</item>

<item>
<title>BT SPORT 1</title>
<sportsdevil>http://www.shadow-net.biz/channels/BT-Sport-1.html</sportsdevil>
<referer>http://www.shadow-net.biz/channels/BT-Sport-1.html</referer>
<thumbnail>http://i60.tinypic.com/2a8f14g.png</thumbnail>
<fanart>http://i57.tinypic.com/21l07rc.png</fanart>
</item>

<item>
<title>BT SPORT 2</title>
<sportsdevil>http://www.shadow-net.biz/channels/BT-Sport-2.html</sportsdevil>
<referer>http://www.shadow-net.biz</referer>
<thumbnail>http://i60.tinypic.com/2a8f14g.png</thumbnail>
<fanart>http://i57.tinypic.com/21l07rc.png</fanart>
</item>

<item>
<title>BT SPORT/ESPN</title>
<sportsdevil>http://www.crichd.tv/espn-uk-live-stream.php</sportsdevil>
<referer>http://www.crichd.tv/espn-uk-live-stream.php</referer>
<thumbnail>http://i60.tinypic.com/2a8f14g.png</thumbnail>
<fanart>http://i57.tinypic.com/21l07rc.png</fanart>
</item>

<item>
<title>BT SPORT EUROPE</title>
<sportsdevil>http://www.shadow-net.biz/channels/BT-Sport-Europe.html</sportsdevil>
<referer>http://www.shadow-net.biz/</referer>
<thumbnail>http://i60.tinypic.com/2a8f14g.png</thumbnail>
<fanart>http://i57.tinypic.com/21l07rc.png</fanart>
</item>

<item>
<title>EUROSPORT 1</title>
<sportsdevil>http://streamking.co/eurosport</sportsdevil>
<referer>http://streamking.co</referer>
<thumbnail>http://i60.tinypic.com/2a8f14g.png</thumbnail>
<fanart>http://i57.tinypic.com/21l07rc.png</fanart>
</item>

<item>
<title>PREMIER SPORTS</title>
<sportsdevil>http://www.crichd.tv/premier-sports-live-stream.php</sportsdevil>
<referer>http://www.crichd.tv/premier-sports-live-stream.php</referer>
<thumbnail>http://i60.tinypic.com/2a8f14g.png</thumbnail>
<fanart>http://i57.tinypic.com/21l07rc.png</fanart>
</item>

<item>
<title>test ATR</title>
<link>$doregex[getURL]</link>
<regex>
<name>getURL</name>
<expres>source src="(.*?)"</expres>
<page>http://shadow.go.ro/shadownet/channels/uktv/player/atr.php</page>
<referer>http://www.sdw-net.co/channels/At-The-Races.html</referer>
<agent>Mozilla/5.0 (Windows NT 6.3; WOW64) AppleWebKit/537.36 (KHTML, like Gecko) Chrome/46.0.2490.80 Safari/537.36</agent>
<Upgrade-Insecure-Requests>true</Upgrade-Insecure-Requests>
</regex>
<thumbnail>http://www.lyngsat-logo.com/hires/ss/setanta_sports_ie.png</thumbnail>
<fanart>http://i57.tinypic.com/21l07rc.png</fanart>
</item>

<item>
<title>testing - Z1</title>
<sportsdevil>http://s.admtpmp125.com/player.html?rt=popunder&a;=11887123&context;=c11847154&size;=800x600&openNewTab;=true&width;=800&height;=600&ci;=3</sportsdevil>
<referer>http://zunox.hk/zunox1.html</referer>
<thumbnail>http://i60.tinypic.com/2a8f14g.png</thumbnail>
<fanart>http://i57.tinypic.com/21l07rc.png</fanart>
</item>

<item>
<title>Test 2</title>
<link>
http://i60.tinypic.com/2a8f14g.png
http://i57.tinypic.com/21l07rc.png
</link>
<thumbnail>http://i60.tinypic.com/2a8f14g.png</thumbnail>
<fanart>http://i57.tinypic.com/21l07rc.png</fanart>
</item>

