<?xml version="1.0" encoding="UTF-8" standalone="yes"?>
<addon id="plugin.video.pilkified" name="Pilk-ified" version="0.0.6" provider-name="Origin">
  <requires>
    <import addon="xbmc.python" version="2.1.0"/>
	<import addon="script.module.urlresolver"  version="3.0.0"/>
	<import addon="script.module.addon.common" />
  </requires>
  <extension point="xbmc.python.pluginsource" library="default.py">
		<provides>video</provides>
  </extension>
  <extension point="xbmc.addon.metadata">
	<summary lang="en">A overlook of Karl Pilkington</summary>
	<description lang="en">Support is now dropped for this addon. Visit kodification.co.uk for any issues</description>
	<disclaimer lang="en">The original author neither hosts or stores any content, the original author has no affiliation with content hosts, it is the sole responsibility of the user to ensure they have permission to view any streams provided</disclaimer>
	<platform>all</platform>
  </extension>
</addon>
