<?xml version="1.0" encoding="UTF-8" standalone="yes"?>
<addon id="plugin.video.originentertainment" name="Origin Entertainment" version="1.0.31" provider-name="Origin">
	<requires>
		<import addon="xbmc.python" version="2.14.0" />
	</requires>
	<extension point="xbmc.python.pluginsource" library="default.py">
		<provides>video</provides>
	</extension>
	<extension point="xbmc.addon.metadata">
		<summary lang="en">Origins Entertainment</summary>
		<description lang="en">An addon by origin for all-round Entertainment</description>
		<disclaimer lang="en">The author neither hosts or stores any content, the author has no affiliation with content hosts</disclaimer>
		<platform>all</platform>
	</extension>
</addon>
