<?xml version="1.0" encoding="UTF-8" standalone="yes"?>
<addon id="plugin.video.xxxvids" name="XXXVids" version="0.0.2" provider-name="Origin">
  <requires>
    <import addon="xbmc.python" version="2.1.0"/>
	<import addon="script.module.urlresolver"  version="3.0.0"/>
	<import addon="script.module.addon.common" />
  </requires>
  <extension point="xbmc.python.pluginsource" library="default.py">
		<provides>video</provides>
  </extension>
  <extension point="xbmc.addon.metadata">
	<summary lang="en">Blank</summary>
	<description lang="en">A plugin for adult content. This addon is only available from Origin Repo or TDB installer, it will be removed otherwise so please on use official source that can be found at http://kodification.co.uk</description>
	<disclaimer lang="en">The original author neither hosts or stores any content, the original author has no affiliation with content hosts, it is up to the viewer to deem they have appropriate permission to view any content provided</disclaimer>
	<platform>all</platform>
  </extension>
</addon>
